{
  "validation": {
    "rf": {
      "accuracy": 0.43013365735115433,
      "macro_f1": 0.3575321133100952,
      "per_class_f1": {
        "catch": 0.24471830985915494,
        "defense": 0.4235294117647059,
        "dribble_right_once": 0.28054298642533937,
        "null": 0.910913140311804,
        "pass_high": 0.3870967741935484,
        "shot": 0.2559241706161137
      },
      "confusion_matrix": [
        [
          139,
          0,
          26,
          0,
          59,
          34
        ],
        [
          145,
          54,
          0,
          0,
          0,
          0
        ],
        [
          63,
          0,
          31,
          0,
          0,
          26
        ],
        [
          72,
          2,
          2,
          409,
          1,
          2
        ],
        [
          89,
          0,
          0,
          1,
          48,
          0
        ],
        [
          59,
          0,
          34,
          0,
          0,
          27
        ]
      ]
    },
    "svm": {
      "accuracy": 0.37970838396111783,
      "macro_f1": 0.30703375682687933,
      "per_class_f1": {
        "catch": 0.09815950920245399,
        "defense": 0.2311111111111111,
        "dribble_right_once": 0.2716049382716049,
        "null": 0.8429752066115702,
        "pass_high": 0.40808823529411764,
        "shot": 0.2972972972972973
      },
      "confusion_matrix": [
        [
          32,
          0,
          51,
          0,
          124,
          51
        ],
        [
          131,
          26,
          0,
          1,
          41,
          0
        ],
        [
          7,
          0,
          55,
          0,
          4,
          54
        ],
        [
          52,
          0,
          20,
          357,
          52,
          7
        ],
        [
          25,
          0,
          1,
          1,
          111,
          0
        ],
        [
          15,
          0,
          60,
          0,
          1,
          44
        ]
      ]
    },
    "knn": {
      "accuracy": 0.4161603888213852,
      "macro_f1": 0.3595353799705682,
      "per_class_f1": {
        "catch": 0.24161073825503357,
        "defense": 0.6046511627906976,
        "dribble_right_once": 0.2229299363057325,
        "null": 0.8327402135231317,
        "pass_high": 0.42613636363636365,
        "shot": 0.18867924528301888
      },
      "confusion_matrix": [
        [
          108,
          0,
          37,
          1,
          72,
          40
        ],
        [
          95,
          91,
          0,
          1,
          11,
          1
        ],
        [
          47,
          0,
          35,
          0,
          3,
          35
        ],
        [
          74,
          2,
          15,
          351,
          30,
          16
        ],
        [
          59,
          2,
          2,
          0,
          75,
          0
        ],
        [
          50,
          0,
          45,
          0,
          0,
          25
        ]
      ]
    }
  },
  "threshold_scan": [
    {
      "prob_thresh": 0.3,
      "mahal_multiplier": 10000.0,
      "rejection_rate": 0.003037667071688943,
      "action_f1": 0.3236595724056932
    },
    {
      "prob_thresh": 0.35,
      "mahal_multiplier": 10000.0,
      "rejection_rate": 0.053462940461725394,
      "action_f1": 0.3148701101431143
    },
    {
      "prob_thresh": 0.39999999999999997,
      "mahal_multiplier": 10000.0,
      "rejection_rate": 0.2278250303766707,
      "action_f1": 0.2956209036585366
    },
    {
      "prob_thresh": 0.44999999999999996,
      "mahal_multiplier": 10000.0,
      "rejection_rate": 0.4088699878493317,
      "action_f1": 0.27124666225375976
    },
    {
      "prob_thresh": 0.49999999999999994,
      "mahal_multiplier": 10000.0,
      "rejection_rate": 0.5704738760631834,
      "action_f1": 0.2874042657815477
    },
    {
      "prob_thresh": 0.5499999999999999,
      "mahal_multiplier": 10000.0,
      "rejection_rate": 0.6616038882138517,
      "action_f1": 0.34040066313868794
    },
    {
      "prob_thresh": 0.5999999999999999,
      "mahal_multiplier": 10000.0,
      "rejection_rate": 0.7345078979343864,
      "action_f1": 0.3562503743635819
    },
    {
      "prob_thresh": 0.6499999999999999,
      "mahal_multiplier": 10000.0,
      "rejection_rate": 0.7831105710814095,
      "action_f1": 0.05555555555555556
    },
    {
      "prob_thresh": 0.7,
      "mahal_multiplier": 10000.0,
      "rejection_rate": 0.893681652490887,
      "action_f1": 0.023529411764705882
    },
    {
      "prob_thresh": 0.7499999999999999,
      "mahal_multiplier": 10000.0,
      "rejection_rate": 0.9337788578371811,
      "action_f1": 0.0
    },
    {
      "prob_thresh": 0.7999999999999998,
      "mahal_multiplier": 10000.0,
      "rejection_rate": 0.9556500607533415,
      "action_f1": 0.0
    },
    {
      "prob_thresh": 0.8499999999999999,
      "mahal_multiplier": 10000.0,
      "rejection_rate": 0.9696233292831106,
      "action_f1": 0.0
    },
    {
      "prob_thresh": 0.8999999999999999,
      "mahal_multiplier": 10000.0,
      "rejection_rate": 0.9763061968408262,
      "action_f1": 0.0
    },
    {
      "prob_thresh": 0.9499999999999998,
      "mahal_multiplier": 10000.0,
      "rejection_rate": 0.9811664641555286,
      "action_f1": 0.0
    }
  ],
  "selected_working_point": {
    "prob_thresh": 0.3,
    "mahal_multiplier": 10000.0,
    "rejection_rate": 0.003037667071688943,
    "action_f1": 0.3236595724056932
  }
}