{
  "26071001接球-拍球-跳投.csv": {
    "node1_acc_x_g": {
      "mean": -0.00624163413320094,
      "std": 0.35268874204619455
    },
    "node1_acc_y_g": {
      "mean": 0.42992904997916864,
      "std": 0.36302979232352184
    },
    "node1_acc_z_g": {
      "mean": 0.2287661397892581,
      "std": 0.2639470777783933
    },
    "node1_gyr_x_dps": {
      "mean": -0.9749832839243762,
      "std": 41.66722772312888
    },
    "node1_gyr_y_dps": {
      "mean": -0.322457793572835,
      "std": 44.322238249605036
    },
    "node1_gyr_z_dps": {
      "mean": -0.15330491399779111,
      "std": 59.607305940099465
    },
    "node2_acc_x_g": {
      "mean": -0.12708186980552652,
      "std": 0.3749322916278463
    },
    "node2_acc_y_g": {
      "mean": 0.0014340298341833202,
      "std": 0.2639489323625671
    },
    "node2_acc_z_g": {
      "mean": -0.42534578114648713,
      "std": 0.5238859067926998
    },
    "node2_gyr_x_dps": {
      "mean": -4.027100976887309,
      "std": 62.860060033202956
    },
    "node2_gyr_y_dps": {
      "mean": -3.332912052952545,
      "std": 81.15479065332724
    },
    "node2_gyr_z_dps": {
      "mean": -4.929656169915106,
      "std": 49.68536754086216
    },
    "node3_acc_x_g": {
      "mean": -0.09843151528064883,
      "std": 0.2531229507999454
    },
    "node3_acc_y_g": {
      "mean": 0.05961421455925873,
      "std": 0.2927338427452811
    },
    "node3_acc_z_g": {
      "mean": -0.44630361969652493,
      "std": 0.44528334743621356
    },
    "node3_gyr_x_dps": {
      "mean": 0.7176740229498954,
      "std": 56.245284691674186
    },
    "node3_gyr_y_dps": {
      "mean": -0.6557254752618862,
      "std": 62.18922392119512
    },
    "node3_gyr_z_dps": {
      "mean": 1.2313821721400564,
      "std": 34.94496976222196
    },
    "node4_acc_x_g": {
      "mean": 0.024513816149980525,
      "std": 0.27167896426192173
    },
    "node4_acc_y_g": {
      "mean": -0.3497224594241189,
      "std": 0.38452754779345044
    },
    "node4_acc_z_g": {
      "mean": 0.13347683436576369,
      "std": 0.19162468830174462
    },
    "node4_gyr_x_dps": {
      "mean": 0.4717416479093723,
      "std": 33.203367450324414
    },
    "node4_gyr_y_dps": {
      "mean": 1.0620991846876875,
      "std": 32.711009730007746
    },
    "node4_gyr_z_dps": {
      "mean": -0.3253446331708048,
      "std": 51.10114670354471
    }
  },
  "26071002左右运球.csv": {
    "node1_acc_x_g": {
      "mean": -0.1261125919048415,
      "std": 0.28687741350354806
    },
    "node1_acc_y_g": {
      "mean": 0.4954085695775958,
      "std": 0.16207160327169945
    },
    "node1_acc_z_g": {
      "mean": 0.19318777676165458,
      "std": 0.13885545302849198
    },
    "node1_gyr_x_dps": {
      "mean": 0.8029377661970818,
      "std": 23.982734411632535
    },
    "node1_gyr_y_dps": {
      "mean": 3.466023164166283,
      "std": 50.49640808602517
    },
    "node1_gyr_z_dps": {
      "mean": 3.47113196048531,
      "std": 44.124910777644445
    },
    "node2_acc_x_g": {
      "mean": -0.32404302391054324,
      "std": 0.3174486875550724
    },
    "node2_acc_y_g": {
      "mean": 0.02385785601926084,
      "std": 0.291259592839738
    },
    "node2_acc_z_g": {
      "mean": -0.36078613669718523,
      "std": 0.193232732127528
    },
    "node2_gyr_x_dps": {
      "mean": 0.48060108559869924,
      "std": 47.05461690424226
    },
    "node2_gyr_y_dps": {
      "mean": 1.9186815744672376,
      "std": 44.472774001467556
    },
    "node2_gyr_z_dps": {
      "mean": -5.886026089978911,
      "std": 46.62463768162314
    },
    "node3_acc_x_g": {
      "mean": -0.02523860864181791,
      "std": 0.19285316533182295
    },
    "node3_acc_y_g": {
      "mean": 0.41427223903995763,
      "std": 0.26092878330229385
    },
    "node3_acc_z_g": {
      "mean": -0.33790636963143966,
      "std": 0.14604910282152764
    },
    "node3_gyr_x_dps": {
      "mean": 0.36037109696892655,
      "std": 27.147964135967957
    },
    "node3_gyr_y_dps": {
      "mean": 3.999251621575659,
      "std": 38.24222662372365
    },
    "node3_gyr_z_dps": {
      "mean": -7.2630743150924,
      "std": 53.21613412334789
    },
    "node4_acc_x_g": {
      "mean": -0.13008398547339317,
      "std": 0.22351538630202128
    },
    "node4_acc_y_g": {
      "mean": -0.4255672209431297,
      "std": 0.12391337799458367
    },
    "node4_acc_z_g": {
      "mean": 0.06496347884926561,
      "std": 0.12768705836385502
    },
    "node4_gyr_x_dps": {
      "mean": -2.243009588203974,
      "std": 24.546733117405484
    },
    "node4_gyr_y_dps": {
      "mean": -7.561317425197921,
      "std": 57.8851690460174
    },
    "node4_gyr_z_dps": {
      "mean": 0.7620434119663779,
      "std": 26.612377268385327
    }
  },
  "26071003防守.csv": {
    "node1_acc_x_g": {
      "mean": -0.04588451620562139,
      "std": 0.24602285056904133
    },
    "node1_acc_y_g": {
      "mean": 0.37894415212832816,
      "std": 0.37200219076766566
    },
    "node1_acc_z_g": {
      "mean": 0.287409109057448,
      "std": 0.24784213219690152
    },
    "node1_gyr_x_dps": {
      "mean": -0.49941292175711405,
      "std": 63.42402771681867
    },
    "node1_gyr_y_dps": {
      "mean": 4.5022438028057605,
      "std": 46.70205904402747
    },
    "node1_gyr_z_dps": {
      "mean": 0.8885608579323782,
      "std": 46.87567733727403
    },
    "node2_acc_x_g": {
      "mean": -0.17177338533173003,
      "std": 0.31990453758708765
    },
    "node2_acc_y_g": {
      "mean": 0.09524880545385411,
      "std": 0.2107482516274279
    },
    "node2_acc_z_g": {
      "mean": -0.4584830916930857,
      "std": 0.3811246412056277
    },
    "node2_gyr_x_dps": {
      "mean": -0.7316632315269034,
      "std": 62.116957263225444
    },
    "node2_gyr_y_dps": {
      "mean": -1.8220325748552284,
      "std": 54.58404575096128
    },
    "node2_gyr_z_dps": {
      "mean": -2.789871751083286,
      "std": 42.05891312612256
    },
    "node3_acc_x_g": {
      "mean": -0.24039977231500753,
      "std": 0.3037106410706759
    },
    "node3_acc_y_g": {
      "mean": 0.28416802765134946,
      "std": 0.3222661661250806
    },
    "node3_acc_z_g": {
      "mean": -0.3453665060390822,
      "std": 0.3144793832578661
    },
    "node3_gyr_x_dps": {
      "mean": -0.29001005564763743,
      "std": 50.63080842433874
    },
    "node3_gyr_y_dps": {
      "mean": 0.5293612738314784,
      "std": 74.71367739537381
    },
    "node3_gyr_z_dps": {
      "mean": 0.6783798883324093,
      "std": 56.36342486699043
    },
    "node4_acc_x_g": {
      "mean": -0.04025453386664711,
      "std": 0.23954250296264953
    },
    "node4_acc_y_g": {
      "mean": -0.2938519509620211,
      "std": 0.37407420907427125
    },
    "node4_acc_z_g": {
      "mean": 0.23995702458432824,
      "std": 0.2171656913646345
    },
    "node4_gyr_x_dps": {
      "mean": 0.32584286297455695,
      "std": 61.16291864051051
    },
    "node4_gyr_y_dps": {
      "mean": -0.036471991023827824,
      "std": 48.93638608238971
    },
    "node4_gyr_z_dps": {
      "mean": 0.5270766610217308,
      "std": 45.524698334947715
    }
  },
  "26071004高位传球.csv": {
    "node1_acc_x_g": {
      "mean": 0.026374632187959577,
      "std": 0.19201998388825398
    },
    "node1_acc_y_g": {
      "mean": 0.3514212755448445,
      "std": 0.3097160092616739
    },
    "node1_acc_z_g": {
      "mean": 0.23092579783214023,
      "std": 0.12291490638423563
    },
    "node1_gyr_x_dps": {
      "mean": 0.05574943419450559,
      "std": 34.81941057277049
    },
    "node1_gyr_y_dps": {
      "mean": 2.4096886837465745,
      "std": 25.351461130537803
    },
    "node1_gyr_z_dps": {
      "mean": -0.1267919907553139,
      "std": 35.48039879231624
    },
    "node2_acc_x_g": {
      "mean": -0.11003632226610835,
      "std": 0.29022835717615186
    },
    "node2_acc_y_g": {
      "mean": 0.0393104590286035,
      "std": 0.18638147798389293
    },
    "node2_acc_z_g": {
      "mean": -0.344444065141481,