{
  "validation": {
    "rf": {
      "accuracy": 0.4811529933481153,
      "macro_f1": 0.44218164240488816,
      "per_class_f1": {
        "catch": 0.3717728055077453,
        "defense": 0.838150289017341,
        "dribble_left_right": 0.0,
        "dribble_right_once": 0.23469387755102042,
        "null": 0.8857142857142857,
        "pass_high": 0.4302788844621514,
        "shot": 0.3346613545816733
      },
      "confusion_matrix": [
        [
          108,
          0,
          14,
          25,
          4,
          59,
          48
        ],
        [
          45,
          145,
          4,
          0,
          3,
          0,
          2
        ],
        [
          0,
          0,
          0,
          0,
          0,
          0,
          0
        ],
        [
          43,
          0,
          12,
          23,
          3,
          0,
          39
        ],
        [
          3,
          2,
          0,
          0,
          62,
          0,
          0
        ],
        [
          80,
          0,
          3,
          0,
          1,
          54,
          0
        ],
        [
          44,
          0,
          6,
          28,
          0,
          0,
          42
        ]
      ]
    },
    "svm": {
      "accuracy": 0.4090909090909091,
      "macro_f1": 0.4051548659782563,
      "per_class_f1": {
        "catch": 0.08411214953271028,
        "defense": 0.4790874524714829,
        "dribble_left_right": 0.0,
        "dribble_right_once": 0.4014084507042254,
        "null": 0.896,
        "pass_high": 0.6256410256410256,
        "shot": 0.34983498349834985
      },
      "confusion_matrix": [
        [
          18,
          0,
          3,
          48,
          0,
          122,
          67
        ],
        [
          124,
          63,
          0,
          6,
          1,
          3,
          2
        ],
        [
          0,
          0,
          0,
          0,
          0,
          0,
          0
        ],
        [
          4,
          0,
          2,
          57,
          0,
          1,
          56
        ],
        [
          4,
          1,
          0,
          1,
          56,
          0,
          5
        ],
        [
          12,
          0,
          3,
          0,
          1,
          122,
          0
        ],
        [
          8,
          0,
          3,
          52,
          0,
          4,
          53
        ]
      ]
    },
    "knn": {
      "accuracy": 0.49889135254988914,
      "macro_f1": 0.45000739915989,
      "per_class_f1": {
        "catch": 0.39572192513368987,
        "defense": 0.8676056338028169,
        "dribble_left_right": 0.0,
        "dribble_right_once": 0.288135593220339,
        "null": 0.9007633587786259,
        "pass_high": 0.5177304964539007,
        "shot": 0.18009478672985782
      },
      "confusion_matrix": [
        [
          111,
          0,
          11,
          37,
          3,
          67,
          29
        ],
        [
          20,
          154,
          5,
          7,
          1,
          3,
          9
        ],
        [
          0,
          0,
          0,
          0,
          0,
          0,
          0
        ],
        [
          49,
          0,
          6,
          34,
          0,
          0,
          31
        ],
        [
          3,
          2,
          0,
          1,
          59,
          1,
          1
        ],
        [
          59,
          0,
          3,
          0,
          1,
          73,
          2
        ],
        [
          61,
          0,
          3,
          37,
          0,
          0,
          19
        ]
      ]
    }
  },
  "threshold_scan": [
    {
      "prob_thresh": 0.3,
      "mahal_multiplier": 10000.0,
      "rejection_rate": 0.10532150776053215,
      "action_f1": 0.39039305412598296
    },
    {
      "prob_thresh": 0.35,
      "mahal_multiplier": 10000.0,
      "rejection_rate": 0.21175166297117518,
      "action_f1": 0.4007828985928843
    },
    {
      "prob_thresh": 0.39999999999999997,
      "mahal_multiplier": 10000.0,
      "rejection_rate": 0.37028824833702884,
      "action_f1": 0.3994807182464524
    },
    {
      "prob_thresh": 0.44999999999999996,
      "mahal_multiplier": 10000.0,
      "rejection_rate": 0.5022172949002217,
      "action_f1": 0.42600980696504404
    },
    {
      "prob_thresh": 0.49999999999999994,
      "mahal_multiplier": 10000.0,
      "rejection_rate": 0.6308203991130821,
      "action_f1": 0.4319093320848939
    },
    {
      "prob_thresh": 0.5499999999999999,
      "mahal_multiplier": 10000.0,
      "rejection_rate": 0.7427937915742794,
      "action_f1": 0.47875457875457866
    },
    {
      "prob_thresh": 0.5999999999999999,
      "mahal_multiplier": 10000.0,
      "rejection_rate": 0.8137472283813747,
      "action_f1": 0.2802445732976509
    },
    {
      "prob_thresh": 0.6499999999999999,
      "mahal_multiplier": 10000.0,
      "rejection_rate": 0.876940133037694,
      "action_f1": 0.3126984126984127
    },
    {
      "prob_thresh": 0.7,
      "mahal_multiplier": 10000.0,
      "rejection_rate": 0.9135254988913526,
      "action_f1": 0.3519157088122606
    },
    {
      "prob_thresh": 0.7499999999999999,
      "mahal_multiplier": 10000.0,
      "rejection_rate": 0.9323725055432373,
      "action_f1": 0.0
    },
    {
      "prob_thresh": 0.7999999999999998,
      "mahal_multiplier": 10000.0,
      "rejection_rate": 0.9390243902439024,
      "action_f1": 0.0
    },
    {
      "prob_thresh": 0.8499999999999999,
      "mahal_multiplier": 10000.0,
      "rejection_rate": 0.9445676274944568,
      "action_f1": 0.0
    },
    {
      "prob_thresh": 0.8999999999999999,
      "mahal_multiplier": 10000.0,
      "rejection_rate": 0.9456762749445676,
      "action_f1": 0.0
    },
    {
      "prob_thresh": 0.9499999999999998,
      "mahal_multiplier": 10000.0,
      "rejection_rate": 0.9478935698447893,
      "action_f1": 0.0
    }
  ],
  "selected_working_point": {
    "prob_thresh": 0.35,
    "mahal_multiplier": 10000.0,
    "rejection_rate": 0.21175166297117518,
    "action_f1": 0.4007828985928843
  }
}