{
  "validation": {
    "rf": {
      "accuracy": 0.3328840970350404,
      "macro_f1": 0.2894682100596773,
      "per_class_f1": {
        "catch": 0.2931188561215371,
        "defense": 0.10714285714285714,
        "dribble_left_right": 0.0,
        "dribble_right_once": 0.26578073089701,
        "null": 0.7373493975903614,
        "pass_high": 0.36855036855036855,
        "shot": 0.2543352601156069
      },
      "confusion_matrix": [
        [
          164,
          0,
          10,
          36,
          7,
          109,
          67
        ],
        [
          256,
          18,
          7,
          4,
          23,
          0,
          6
        ],
        [
          0,
          0,
          0,
          0,
          0,
          0,
          0
        ],
        [
          61,
          0,
          6,
          40,
          10,
          2,
          55
        ],
        [
          51,
          4,
          1,
          0,
          153,
          1,
          0
        ],
        [
          125,
          0,
          10,
          0,
          9,
          75,
          0
        ],
        [
          69,
          0,
          10,
          47,
          3,
          1,
          44
        ]
      ]
    },
    "svm": {
      "accuracy": 0.3450134770889488,
      "macro_f1": 0.3057862810872111,
      "per_class_f1": {
        "catch": 0.14559386973180077,
        "defense": 0.012658227848101266,
        "dribble_left_right": 0.0,
        "dribble_right_once": 0.3295711060948081,
        "null": 0.749379652605459,
        "pass_high": 0.5474452554744526,
        "shot": 0.35585585585585583
      },
      "confusion_matrix": [
        [
          57,
          0,
          6,
          66,
          3,
          169,
          92
        ],
        [
          214,
          2,
          2,
          56,
          17,
          4,
          19
        ],
        [
          0,
          0,
          0,
          0,
          0,
          0,
          0
        ],
        [
          7,
          0,
          4,
          73,
          11,
          0,
          79
        ],
        [
          48,
          0,
          0,
          7,
          151,
          3,
          1
        ],
        [
          48,
          0,
          13,
          0,
          8,
          150,
          0
        ],
        [
          16,
          0,
          6,
          67,
          3,
          3,
          79
        ]
      ]
    },
    "knn": {
      "accuracy": 0.3146900269541779,
      "macro_f1": 0.2808585411952568,
      "per_class_f1": {
        "catch": 0.25458052073288334,
        "defense": 0.0736196319018405,
        "dribble_left_right": 0.0,
        "dribble_right_once": 0.2388888888888889,
        "null": 0.7376623376623377,
        "pass_high": 0.42857142857142855,
        "shot": 0.23268698060941828
      },
      "confusion_matrix": [
        [
          132,
          0,
          15,
          56,
          3,
          125,
          62
        ],
        [
          221,
          12,
          8,
          28,
          13,
          5,
          27
        ],
        [
          0,
          0,
          0,
          0,
          0,
          0,
          0
        ],
        [
          64,
          0,
          6,
          43,
          7,
          1,
          53
        ],
        [
          56,
          0,
          2,
          6,
          142,
          1,
          3
        ],
        [
          102,
          0,
          14,
          0,
          7,
          96,
          0
        ],
        [
          69,
          0,
          6,
          53,
          3,
          1,
          42
        ]
      ]
    }
  },
  "threshold_scan": [
    {
      "prob_thresh": 0.3,
      "mahal_multiplier": 10000.0,
      "rejection_rate": 0.07412398921832884,
      "action_f1": 0.2181459352497388
    },
    {
      "prob_thresh": 0.35,
      "mahal_multiplier": 10000.0,
      "rejection_rate": 0.18396226415094338,
      "action_f1": 0.2183542885511575
    },
    {
      "prob_thresh": 0.39999999999999997,
      "mahal_multiplier": 10000.0,
      "rejection_rate": 0.3564690026954178,
      "action_f1": 0.23186420687743345
    },
    {
      "prob_thresh": 0.44999999999999996,
      "mahal_multiplier": 10000.0,
      "rejection_rate": 0.5316711590296496,
      "action_f1": 0.22562701075455058
    },
    {
      "prob_thresh": 0.49999999999999994,
      "mahal_multiplier": 10000.0,
      "rejection_rate": 0.6482479784366577,
      "action_f1": 0.26949083861874557
    },
    {
      "prob_thresh": 0.5499999999999999,
      "mahal_multiplier": 10000.0,
      "rejection_rate": 0.7425876010781671,
      "action_f1": 0.2638545846193953
    },
    {
      "prob_thresh": 0.5999999999999999,
      "mahal_multiplier": 10000.0,
      "rejection_rate": 0.816711590296496,
      "action_f1": 0.13974317275607434
    },
    {
      "prob_thresh": 0.6499999999999999,
      "mahal_multiplier": 10000.0,
      "rejection_rate": 0.8672506738544474,
      "action_f1": 0.0570480928689884
    },
    {
      "prob_thresh": 0.7,
      "mahal_multiplier": 10000.0,
      "rejection_rate": 0.8962264150943396,
      "action_f1": 0.03125
    },
    {
      "prob_thresh": 0.7499999999999999,
      "mahal_multiplier": 10000.0,
      "rejection_rate": 0.9130727762803235,
      "action_f1": 0.0
    },
    {
      "prob_thresh": 0.7999999999999998,
      "mahal_multiplier": 10000.0,
      "rejection_rate": 0.9204851752021563,
      "action_f1": 0.0
    },
    {
      "prob_thresh": 0.8499999999999999,
      "mahal_multiplier": 10000.0,
      "rejection_rate": 0.9278975741239892,
      "action_f1": 0.0
    },
    {
      "prob_thresh": 0.8999999999999999,
      "mahal_multiplier": 10000.0,
      "rejection_rate": 0.9393530997304582,
      "action_f1": 0.0
    },
    {
      "prob_thresh": 0.9499999999999998,
      "mahal_multiplier": 10000.0,
      "rejection_rate": 0.9528301886792453,
      "action_f1": 0.0
    }
  ],
  "selected_working_point": {
    "prob_thresh": 0.35,
    "mahal_multiplier": 10000.0,
    "rejection_rate": 0.18396226415094338,
    "action_f1": 0.2183542885511575
  }
}